iter	PRAUC:type=Classic	Logloss
0	0.01741756185	0.2368057596
1	0.01091795373	0.09512741451
2	0.02319894602	0.0454363705
3	0.0277354768	0.0288291537
4	0.03008855824	0.02231574758
5	0.03399328528	0.01932328709
6	0.03480061633	0.01794426219
7	0.03761160113	0.01713857734
8	0.03979141866	0.01672399675
9	0.04214040292	0.01646300798
10	0.0446521762	0.01628442457
